{
  "best_global_step": null,
  "best_metric": null,
  "best_model_checkpoint": null,
  "epoch": 2.6041666666666665,
  "eval_steps": 500,
  "global_step": 1500,
  "is_hyper_param_search": false,
  "is_local_process_zero": true,
  "is_world_process_zero": true,
  "log_history": [
    {
      "epoch": 0.8680555555555556,
      "grad_norm": 0.3962031900882721,
      "learning_rate": 3.5561342592592594e-05,
      "loss": 11.0848046875,
      "step": 500
    },
    {
      "epoch": 1.7361111111111112,
      "grad_norm": 0.41492512822151184,
      "learning_rate": 2.109375e-05,
      "loss": 9.8216884765625,
      "step": 1000
    },
    {
      "epoch": 2.6041666666666665,
      "grad_norm": 0.37704673409461975,
      "learning_rate": 6.626157407407407e-06,
      "loss": 9.4829287109375,
      "step": 1500
    }
  ],
  "logging_steps": 500,
  "max_steps": 1728,
  "num_input_tokens_seen": 0,
  "num_train_epochs": 3,
  "save_steps": 500,
  "stateful_callbacks": {
    "TrainerControl": {
      "args": {
        "should_epoch_stop": false,
        "should_evaluate": false,
        "should_log": false,
        "should_save": true,
        "should_training_stop": false
      },
      "attributes": {}
    }
  },
  "total_flos": 3254464674791424.0,
  "train_batch_size": 8,
  "trial_name": null,
  "trial_params": null
}
